{"cameraMode":{"drawMode":0,"name":"Shaded","section":"Shading Mode"},"sceneLighting":true,"audioPlay":false,"sceneViewState":{"showFog":true,"showMaterialUpdate":true,"showSkybox":true,"showFlares":true,"showImageEffects":true,"showParticleSystems":true},"in2DMode":false,"pivot":{"x":10.757684707641602,"y":-29.363258361816408,"z":39.69169998168945},"rotation":{"x":0.3394390940666199,"y":-0.04905860498547554,"z":0.017733775079250337,"w":0.9391881227493286},"size":38.02232360839844,"orthographic":false}